{"pickupList":[{"handPersonPos":[0.7131123542785645,1.178754448890686,1.5965285301208497],"wristPersonPos":[0.6464800834655762,1.190056324005127,1.6125690937042237],"elbowPersonPos":[0.4459603726863861,1.2090978622436524,1.6487253904342652],"rightShoulderPersonPos":[0.2378132939338684,1.232224702835083,1.7073988914489747],"leftShoulderPersonPos":[-0.0734717920422554,1.2513535022735596,1.6804312467575074],"musicTiming":1.1519954204559327,"musicBeatTiming":2.3219950199127199,"beatIndex":2.0,"position":"endHeight","limitPersonPos":[0.6082992553710938,1.2871943712234498,0.0],"limitAvatarPos":[0.46939992904663088,0.8933480978012085,0.0]},{"handPersonPos":[0.24284043908119203,0.7246044874191284,1.7483235597610474],"wristPersonPos":[0.2337738424539566,0.8009007573127747,1.7412569522857667],"elbowPersonPos":[0.17035803198814393,0.9631271958351135,1.7168142795562745],"rightShoulderPersonPos":[0.1327635496854782,1.225270390510559,1.674965500831604],"leftShoulderPersonPos":[-0.16068696975708009,1.244860291481018,1.6500959396362305],"musicTiming":1.7706575393676758,"musicBeatTiming":2.3219950199127199,"beatIndex":2.0,"position":"startHeight","limitPersonPos":[0.6082992553710938,1.2871943712234498,0.0],"limitAvatarPos":[0.46939992904663088,0.8933480978012085,0.0]},{"handPersonPos":[0.11312203109264374,0.679900050163269,1.7353131771087647],"wristPersonPos":[0.11877450346946717,0.7472784519195557,1.7479099035263062],"elbowPersonPos":[0.10829323530197144,0.9534214735031128,1.7158457040786744],"rightShoulderPersonPos":[0.08109620958566666,1.2218451499938965,1.6545699834823609],"leftShoulderPersonPos":[-0.22518129646778108,1.236892819404602,1.643235206604004],"musicTiming":3.455986499786377,"musicBeatTiming":4.0634918212890629,"beatIndex":5.0,"position":"startHeight","limitPersonPos":[0.6082992553710938,1.2871943712234498,0.0],"limitAvatarPos":[0.46939992904663088,0.8933480978012085,0.0]},{"handPersonPos":[0.5842608213424683,1.3219075202941895,1.649261474609375],"wristPersonPos":[0.5039522647857666,1.2917568683624268,1.6611443758010865],"elbowPersonPos":[0.31290629506111147,1.2239904403686524,1.6783913373947144],"rightShoulderPersonPos":[0.08417937904596329,1.228259563446045,1.6698442697525025],"leftShoulderPersonPos":[-0.22715243697166444,1.2318748235702515,1.6285406351089478],"musicTiming":3.9466440677642824,"musicBeatTiming":4.600453853607178,"beatIndex":6.0,"position":"endHeight","limitPersonPos":[0.6082992553710938,1.2871943712234498,0.0],"limitAvatarPos":[0.46939992904663088,0.8933480978012085,0.0]},{"handPersonPos":[0.8083348870277405,1.2918353080749512,1.6057713031768799],"wristPersonPos":[0.7256792187690735,1.2542166709899903,1.615788221359253],"elbowPersonPos":[0.5325407981872559,1.1882178783416749,1.6399855613708497],"rightShoulderPersonPos":[0.3076181709766388,1.2129848003387452,1.6844452619552613],"leftShoulderPersonPos":[-0.0002906618465203792,1.2454383373260499,1.6696008443832398],"musicTiming":5.88798189163208,"musicBeatTiming":6.980498790740967,"beatIndex":10.0,"position":"endHeight","limitPersonPos":[0.6082992553710938,1.2871943712234498,0.0],"limitAvatarPos":[0.46939992904663088,0.8933480978012085,0.0]},{"handPersonPos":[0.3096386194229126,0.680487871170044,1.7029774188995362],"wristPersonPos":[0.31352028250694277,0.7723104953765869,1.692656397819519],"elbowPersonPos":[0.26559990644454958,0.9403809309005737,1.6541239023208619],"rightShoulderPersonPos":[0.23417335748672486,1.2177276611328126,1.6324715614318848],"leftShoulderPersonPos":[-0.05687946826219559,1.246714472770691,1.6551296710968018],"musicTiming":6.485328674316406,"musicBeatTiming":7.56099796295166,"beatIndex":11.0,"position":"startHeight","limitPersonPos":[0.6082992553710938,1.2871943712234498,0.0],"limitAvatarPos":[0.46939992904663088,0.8933480978012085,0.0]},{"handPersonPos":[0.6516737341880798,1.1673667430877686,1.5289121866226197],"wristPersonPos":[0.5707241296768189,1.157596468925476,1.5462565422058106],"elbowPersonPos":[0.3732697665691376,1.113034725189209,1.5919263362884522],"rightShoulderPersonPos":[0.2004648596048355,1.211409330368042,1.6124584674835206],"leftShoulderPersonPos":[-0.12399979680776596,1.2400805950164796,1.5936834812164307],"musicTiming":6.805328845977783,"musicBeatTiming":7.56099796295166,"beatIndex":11.0,"position":"endHeight","limitPersonPos":[0.6082992553710938,1.2871943712234498,0.0],"limitAvatarPos":[0.46939992904663088,0.8933480978012085,0.0]},{"handPersonPos":[0.19844794273376466,0.6984442472457886,1.6669751405715943],"wristPersonPos":[0.19044935703277589,0.7734132409095764,1.6570627689361573],"elbowPersonPos":[0.12954968214035035,0.9406014084815979,1.613421082496643],"rightShoulderPersonPos":[0.07903177291154862,1.2123109102249146,1.5695279836654664],"leftShoulderPersonPos":[-0.21532678604125977,1.2226545810699463,1.5338274240493775],"musicTiming":7.402653217315674,"musicBeatTiming":8.15600872039795,"beatIndex":12.0,"position":"startHeight","limitPersonPos":[0.6082992553710938,1.2871943712234498,0.0],"limitAvatarPos":[0.46939992904663088,0.8933480978012085,0.0]},{"handPersonPos":[0.5379557013511658,1.2881903648376465,1.5304182767868043],"wristPersonPos":[0.46807998418807986,1.2367628812789918,1.5450632572174073],"elbowPersonPos":[0.27628567814826968,1.1413625478744507,1.5829970836639405],"rightShoulderPersonPos":[0.07080172002315521,1.2095295190811158,1.5676860809326172],"leftShoulderPersonPos":[-0.2297801971435547,1.2202578783035279,1.534380316734314],"musicTiming":7.701315402984619,"musicBeatTiming":8.751020431518555,"beatIndex":13.0,"position":"endHeight","limitPersonPos":[0.6082992553710938,1.2871943712234498,0.0],"limitAvatarPos":[0.46939992904663088,0.8933480978012085,0.0]},{"handPersonPos":[0.2508804202079773,0.6890143752098084,1.6791107654571534],"wristPersonPos":[0.2510330080986023,0.7367428541183472,1.6620798110961915],"elbowPersonPos":[0.19967851042747498,0.9427065253257752,1.621810793876648],"rightShoulderPersonPos":[0.15615344047546388,1.2274116277694703,1.58926522731781],"leftShoulderPersonPos":[-0.1457899957895279,1.2292207479476929,1.5656682252883912],"musicTiming":10.005329132080079,"musicBeatTiming":11.087528228759766,"beatIndex":17.0,"position":"startHeight","limitPersonPos":[0.6082992553710938,1.2871943712234498,0.0],"limitAvatarPos":[0.46939992904663088,0.8933480978012085,0.0]},{"handPersonPos":[0.6575621366500855,1.3481190204620362,1.475292682647705],"wristPersonPos":[0.6250872015953064,1.3185566663742066,1.4810905456542969],"elbowPersonPos":[0.46243715286254885,1.2142025232315064,1.5301494598388672],"rightShoulderPersonPos":[0.2129611223936081,1.208918571472168,1.576965093612671],"leftShoulderPersonPos":[-0.11429540812969208,1.2302285432815552,1.5561699867248536],"musicTiming":10.41065788269043,"musicBeatTiming":11.087528228759766,"beatIndex":17.0,"position":"endHeight","limitPersonPos":[0.6082992553710938,1.2871943712234498,0.0],"limitAvatarPos":[0.46939992904663088,0.8933480978012085,0.0]},{"handPersonPos":[0.34345847368240359,0.6528229117393494,1.5361394882202149],"wristPersonPos":[0.3130359351634979,0.722044825553894,1.5167499780654908],"elbowPersonPos":[0.20836110413074494,0.9087978005409241,1.443202257156372],"rightShoulderPersonPos":[0.1241033673286438,1.1412402391433716,1.3755284547805787],"leftShoulderPersonPos":[-0.16450150310993195,1.154496431350708,1.2838282585144044],"musicTiming":10.943990707397461,"musicBeatTiming":11.682539939880371,"beatIndex":18.0,"position":"startHeight","limitPersonPos":[0.6082992553710938,1.2871943712234498,0.0],"limitAvatarPos":[0.46939992904663088,0.8933480978012085,0.0]}]}