{"pickupList":[{"handPersonPos":[0.6625155210494995,1.5252310037612916,1.5813324451446534],"wristPersonPos":[0.6239080429077148,1.4844850301742554,1.5940206050872803],"elbowPersonPos":[0.47084125876426699,1.3348358869552613,1.6262480020523072],"rightShoulderPersonPos":[0.26460790634155276,1.2436565160751343,1.6473348140716553],"leftShoulderPersonPos":[-0.07047479599714279,1.227898359298706,1.6338081359863282],"musicTiming":1.5999773740768433,"musicBeatTiming":2.3219950199127199,"beatIndex":2.0,"position":"endHeight","limitPersonPos":[0.6280261278152466,1.4430627822875977,0.0],"limitAvatarPos":[0.6202177405357361,1.156827688217163,0.0]},{"handPersonPos":[0.6742846965789795,1.5127118825912476,1.538784384727478],"wristPersonPos":[0.5931141972541809,1.4505844116210938,1.5590629577636719],"elbowPersonPos":[0.44459882378578188,1.3358023166656495,1.5998657941818238],"rightShoulderPersonPos":[0.20189756155014039,1.2453433275222779,1.6305115222930909],"leftShoulderPersonPos":[-0.12426889687776566,1.2298882007598878,1.6162936687469483],"musicTiming":2.45331072807312,"musicBeatTiming":3.4684810638427736,"beatIndex":4.0,"position":"endHeight","limitPersonPos":[0.6280261278152466,1.4430627822875977,0.0],"limitAvatarPos":[0.6202177405357361,1.156827688217163,0.0]},{"handPersonPos":[0.5507414937019348,0.7972102165222168,1.7086124420166016],"wristPersonPos":[0.5140603184700012,0.8575916886329651,1.6954638957977296],"elbowPersonPos":[0.37854549288749697,1.0115902423858643,1.6724650859832764],"rightShoulderPersonPos":[0.21341118216514588,1.249625563621521,1.6323668956756592],"leftShoulderPersonPos":[-0.11537347733974457,1.2341734170913697,1.6256916522979737],"musicTiming":2.901315212249756,"musicBeatTiming":3.4684810638427736,"beatIndex":4.0,"position":"startHeight","limitPersonPos":[0.6280261278152466,1.4430627822875977,0.0],"limitAvatarPos":[0.6202177405357361,1.156827688217163,0.0]},{"handPersonPos":[0.6298420429229736,1.5283939838409424,1.5007106065750123],"wristPersonPos":[0.5931349396705627,1.4888262748718262,1.5180586576461793],"elbowPersonPos":[0.4671986401081085,1.3525843620300294,1.5765867233276368],"rightShoulderPersonPos":[0.23367953300476075,1.2411383390426636,1.6388746500015259],"leftShoulderPersonPos":[-0.08768172562122345,1.2311174869537354,1.6392697095870972],"musicTiming":4.2239909172058109,"musicBeatTiming":5.209977149963379,"beatIndex":7.0,"position":"endHeight","limitPersonPos":[0.6280261278152466,1.4430627822875977,0.0],"limitAvatarPos":[0.6202177405357361,1.156827688217163,0.0]},{"handPersonPos":[0.47937437891960146,0.7416261434555054,1.6862740516662598],"wristPersonPos":[0.4489552974700928,0.8149425387382507,1.6793367862701417],"elbowPersonPos":[0.32855215668678286,0.9690287113189697,1.6685150861740113],"rightShoulderPersonPos":[0.2122085839509964,1.234023094177246,1.6388505697250367],"leftShoulderPersonPos":[-0.10168682038784027,1.2309792041778565,1.6382724046707154],"musicTiming":4.714648723602295,"musicBeatTiming":5.790475845336914,"beatIndex":8.0,"position":"startHeight","limitPersonPos":[0.6280261278152466,1.4430627822875977,0.0],"limitAvatarPos":[0.6202177405357361,1.156827688217163,0.0]},{"handPersonPos":[0.6297372579574585,1.5167875289916993,1.4839591979980469],"wristPersonPos":[0.5725158452987671,1.462069034576416,1.5071256160736085],"elbowPersonPos":[0.42908161878585818,1.343007206916809,1.5758728981018067],"rightShoulderPersonPos":[0.2068278193473816,1.231772541999817,1.6355183124542237],"leftShoulderPersonPos":[-0.10812243819236756,1.2313876152038575,1.6376867294311524],"musicTiming":5.09866189956665,"musicBeatTiming":5.790475845336914,"beatIndex":8.0,"position":"endHeight","limitPersonPos":[0.6280261278152466,1.4430627822875977,0.0],"limitAvatarPos":[0.6202177405357361,1.156827688217163,0.0]},{"handPersonPos":[0.47261276841163638,0.7878676652908325,1.679123878479004],"wristPersonPos":[0.4481590688228607,0.8322034478187561,1.6745661497116089],"elbowPersonPos":[0.31723231077194216,0.9814385175704956,1.6658411026000977],"rightShoulderPersonPos":[0.19836552441120149,1.2453500032424927,1.6402106285095215],"leftShoulderPersonPos":[-0.11643882095813751,1.232782006263733,1.6375839710235596],"musicTiming":5.610657691955566,"musicBeatTiming":6.400000095367432,"beatIndex":9.0,"position":"startHeight","limitPersonPos":[0.6280261278152466,1.4430627822875977,0.0],"limitAvatarPos":[0.6202177405357361,1.156827688217163,0.0]},{"handPersonPos":[0.3477522134780884,0.7127721309661865,1.7027814388275147],"wristPersonPos":[0.3439771831035614,0.7657483816146851,1.6986815929412842],"elbowPersonPos":[0.2675592303276062,0.9490188360214233,1.6842447519302369],"rightShoulderPersonPos":[0.19226115942001344,1.2440303564071656,1.6509628295898438],"leftShoulderPersonPos":[-0.12218452244997025,1.240281581878662,1.6454418897628785],"musicTiming":6.5919952392578129,"musicBeatTiming":7.56099796295166,"beatIndex":11.0,"position":"startHeight","limitPersonPos":[0.6280261278152466,1.4430627822875977,0.0],"limitAvatarPos":[0.6202177405357361,1.156827688217163,0.0]},{"handPersonPos":[0.5766758322715759,1.5157721042633057,1.5248785018920899],"wristPersonPos":[0.5510038137435913,1.469467043876648,1.5420608520507813],"elbowPersonPos":[0.43417197465896609,1.2994316816329957,1.612801194190979],"rightShoulderPersonPos":[0.20960544049739839,1.2482056617736817,1.6680183410644532],"leftShoulderPersonPos":[-0.11983037739992142,1.2424933910369874,1.6540932655334473],"musicTiming":6.954648494720459,"musicBeatTiming":7.56099796295166,"beatIndex":11.0,"position":"endHeight","limitPersonPos":[0.6280261278152466,1.4430627822875977,0.0],"limitAvatarPos":[0.6202177405357361,1.156827688217163,0.0]},{"handPersonPos":[0.4233931005001068,0.7690184712409973,1.700753927230835],"wristPersonPos":[0.4216088056564331,0.8018217086791992,1.7029948234558106],"elbowPersonPos":[0.3184261918067932,0.9698811173439026,1.6926342248916627],"rightShoulderPersonPos":[0.20416580140590669,1.247174859046936,1.6791943311691285],"leftShoulderPersonPos":[-0.11431284993886948,1.241113305091858,1.668327808380127],"musicTiming":7.423990726470947,"musicBeatTiming":8.15600872039795,"beatIndex":12.0,"position":"startHeight","limitPersonPos":[0.6280261278152466,1.4430627822875977,0.0],"limitAvatarPos":[0.6202177405357361,1.156827688217163,0.0]},{"handPersonPos":[0.47583743929862978,0.732508659362793,1.7040836811065674],"wristPersonPos":[0.44686901569366457,0.806498646736145,1.7080353498458863],"elbowPersonPos":[0.3396938741207123,0.9722784161567688,1.6972171068191529],"rightShoulderPersonPos":[0.22024475038051606,1.2482404708862305,1.6884912252426148],"leftShoulderPersonPos":[-0.10101623088121414,1.2387160062789918,1.6800665855407715],"musicTiming":8.319977760314942,"musicBeatTiming":9.317007064819336,"beatIndex":14.0,"position":"startHeight","limitPersonPos":[0.6280261278152466,1.4430627822875977,0.0],"limitAvatarPos":[0.6202177405357361,1.156827688217163,0.0]},{"handPersonPos":[0.6141647100448608,1.5767462253570557,1.479290246963501],"wristPersonPos":[0.5462225675582886,1.4962486028671265,1.5240305662155152],"elbowPersonPos":[0.4288727343082428,1.3495006561279297,1.6110676527023316],"rightShoulderPersonPos":[0.21952152252197267,1.2460752725601197,1.681768774986267],"leftShoulderPersonPos":[-0.1016741618514061,1.2386513948440552,1.689199447631836],"musicTiming":8.76798152923584,"musicBeatTiming":9.317007064819336,"beatIndex":14.0,"position":"endHeight","limitPersonPos":[0.6280261278152466,1.4430627822875977,0.0],"limitAvatarPos":[0.6202177405357361,1.156827688217163,0.0]},{"handPersonPos":[0.49316099286079409,0.7881522178649902,1.6778686046600342],"wristPersonPos":[0.4696934223175049,0.8413152694702148,1.682981252670288],"elbowPersonPos":[0.33815133571624758,0.9902181625366211,1.679372787475586],"rightShoulderPersonPos":[0.20826393365859986,1.2504143714904786,1.6800084114074708],"leftShoulderPersonPos":[-0.10574290156364441,1.2381463050842286,1.692596435546875],"musicTiming":9.237324714660645,