{"pickupList":[{"handPersonPos":[0.3465270698070526,0.6505680680274963,1.492822527885437],"wristPersonPos":[0.3116247057914734,0.6887519359588623,1.4564902782440186],"elbowPersonPos":[0.258713960647583,0.9080312252044678,1.4020121097564698],"rightShoulderPersonPos":[0.2561758756637573,1.1670300960540772,1.3873517513275147],"leftShoulderPersonPos":[-0.05765353888273239,1.1907211542129517,1.3876551389694214],"musicTiming":10.474648475646973,"musicBeatTiming":11.087528228759766,"beatIndex":17.0,"position":"startHeight","limitPersonPos":[0.5850873589515686,1.4260704517364503,0.0],"limitAvatarPos":[1.007510781288147,0.8577907681465149,0.0]},{"handPersonPos":[0.2218005657196045,0.6283974647521973,1.5592069625854493],"wristPersonPos":[0.24086076021194459,0.7006984949111939,1.5722784996032715],"elbowPersonPos":[0.24331198632717133,0.9111856818199158,1.569071888923645],"rightShoulderPersonPos":[0.2055651694536209,1.1821448802947999,1.515536904335022],"leftShoulderPersonPos":[-0.0890723466873169,1.2042038440704346,1.477701187133789],"musicTiming":12.309319496154786,"musicBeatTiming":13.4530611038208,"beatIndex":21.0,"position":"startHeight","limitPersonPos":[0.5850873589515686,1.4260704517364503,0.0],"limitAvatarPos":[1.007510781288147,0.8577907681465149,0.0]},{"handPersonPos":[0.26471200585365298,0.5910425782203674,1.4386165142059327],"wristPersonPos":[0.25864750146865847,0.6669753789901733,1.4313342571258546],"elbowPersonPos":[0.24461957812309266,0.8988600373268127,1.4212079048156739],"rightShoulderPersonPos":[0.22124437987804414,1.1638718843460084,1.40906822681427],"leftShoulderPersonPos":[-0.06805319339036942,1.199397325515747,1.4101916551589966],"musicTiming":26.55997657775879,"musicBeatTiming":27.55918312072754,"beatIndex":45.0,"position":"startHeight","limitPersonPos":[0.5850873589515686,1.4260704517364503,0.0],"limitAvatarPos":[1.007510781288147,0.8577907681465149,0.0]},{"handPersonPos":[0.6469039916992188,1.4470573663711548,1.256301760673523],"wristPersonPos":[0.6034532785415649,1.408145546913147,1.2692376375198365],"elbowPersonPos":[0.44527578353881838,1.2987658977508546,1.3283231258392335],"rightShoulderPersonPos":[0.22081737220287324,1.198928713798523,1.4054858684539796],"leftShoulderPersonPos":[-0.09196054935455322,1.2023886442184449,1.4110370874404908],"musicTiming":26.94399070739746,"musicBeatTiming":27.55918312072754,"beatIndex":45.0,"position":"endHeight","limitPersonPos":[0.5850873589515686,1.4260704517364503,0.0],"limitAvatarPos":[1.007510781288147,0.8577907681465149,0.0]}]}